{"initial_reset_timestamp": 1537834243.4504635, "timestamps": [1537834243.452547, 1537834243.455981, 1537834243.4575362, 1537834243.4586196, 1537834243.4594498, 1537834243.459897, 1537834243.4609632, 1537834243.4631553, 1537834243.4652731, 1537834243.4699352, 1537834243.4710083, 1537834243.4715433, 1537834243.4721408, 1537834243.4731266, 1537834243.473908, 1537834243.4747586, 1537834243.475463, 1537834243.475785, 1537834243.4765835, 1537834243.477103, 1537834243.4776845, 1537834243.4788983, 1537834243.4796126, 1537834243.480413, 1537834243.4809573, 1537834243.481597, 1537834243.482083, 1537834243.4873157, 1537834243.4903502, 1537834243.49145, 1537834243.492866, 1537834243.493481, 1537834243.4939072, 1537834243.4953175, 1537834243.4961693, 1537834243.4976573, 1537834243.4980206, 1537834243.4992743, 1537834243.5000079, 1537834243.5014548, 1537834243.5018268, 1537834243.503207, 1537834243.5042098, 1537834243.5045094, 1537834243.50488, 1537834243.5055025, 1537834243.5075216, 1537834243.5086358, 1537834243.5094635, 1537834243.5103738, 1537834243.5107932, 1537834243.5113323, 1537834243.5118277, 1537834243.5134568, 1537834243.5143301, 1537834243.515016, 1537834243.5162022, 1537834243.5190043, 1537834243.519907, 1537834243.5202117, 1537834243.5215104, 1537834243.5220048, 1537834243.5227327, 1537834243.5232143, 1537834243.524605, 1537834243.5257223, 1537834243.5260808, 1537834243.5262752, 1537834243.5267916, 1537834243.5290492, 1537834243.5298066, 1537834243.530964, 1537834243.531371, 1537834243.5323486, 1537834243.533199, 1537834243.533629, 1537834243.5338664, 1537834243.5341597, 1537834243.5357678, 1537834243.5361576, 1537834243.536387, 1537834243.5374334, 1537834243.5387504, 1537834243.5389435, 1537834243.5397773, 1537834243.5407825, 1537834243.5412176, 1537834243.5415888, 1537834243.542266, 1537834243.5429375, 1537834243.543481, 1537834243.5438006, 1537834243.5441346, 1537834243.5465126, 1537834243.546986, 1537834243.5471673, 1537834243.5484426, 1537834243.5487263, 1537834243.54892, 1537834243.5490804, 1537834243.5495923, 1537834243.549769, 1537834243.5501852, 1537834243.5507245, 1537834243.551174, 1537834243.5523973, 1537834243.5528302, 1537834243.5530174, 1537834243.5545585, 1537834243.55498, 1537834243.5555542, 1537834243.555881, 1537834243.5561247, 1537834243.5563369, 1537834243.5567176, 1537834243.5572538, 1537834243.5576394, 1537834243.55843, 1537834243.5592942, 1537834243.5600846, 1537834243.560451, 1537834243.5615497, 1537834243.561842, 1537834243.5620615, 1537834243.563454, 1537834243.5642068, 1537834243.5649545, 1537834243.5651565, 1537834243.565384, 1537834243.5657418, 1537834243.5659122, 1537834243.5661335, 1537834243.5670185, 1537834243.5678828, 1537834243.5680711, 1537834243.5685458, 1537834243.569317, 1537834243.5701003, 1537834243.57056, 1537834243.5707839, 1537834243.571022, 1537834243.5713525, 1537834243.5717196, 1537834243.572518, 1537834243.5727715, 1537834243.5730107, 1537834243.5731878, 1537834243.5733666, 1537834243.5739887, 1537834243.5746593, 1537834243.575201, 1537834243.575459, 1537834243.575905, 1537834243.5760984, 1537834243.57687, 1537834243.5771437, 1537834243.5774112, 1537834243.57756, 1537834243.5778162, 1537834243.578386, 1537834243.5791092, 1537834243.5794458, 1537834243.57963, 1537834243.579805, 1537834243.5814784, 1537834243.5817559, 1537834243.5821176, 1537834243.58447, 1537834243.5848908, 1537834243.5851731, 1537834243.5858073, 1537834243.586189, 1537834243.586556, 1537834243.5873015, 1537834243.5876954, 1537834243.5879512, 1537834243.5883696, 1537834243.5886273, 1537834243.5890148, 1537834243.5892825, 1537834243.5895386, 1537834243.5898993, 1537834243.5906956, 1537834243.5908906, 1537834243.5910122, 1537834243.5915973, 1537834243.5919812, 1537834243.5922751, 1537834243.5925071, 1537834243.5939555, 1537834243.5947175, 1537834243.5953336, 1537834243.5955145, 1537834243.5957992, 1537834243.5962973, 1537834243.5973327, 1537834243.5977817, 1537834243.5980232, 1537834243.5982807, 1537834243.598767, 1537834243.5989132, 1537834243.5995326, 1537834243.5999227, 1537834243.600942, 1537834243.6018174, 1537834243.6022413, 1537834243.6032019, 1537834243.6038153, 1537834243.6044877, 1537834243.6049845, 1537834243.6053889, 1537834243.60556, 1537834243.6063676, 1537834243.6065714, 1537834243.6072161, 1537834243.607892, 1537834243.6089375, 1537834243.6101503, 1537834243.6107748, 1537834243.6109216, 1537834243.611912, 1537834243.6124194, 1537834243.6126432, 1537834243.6128585, 1537834243.6130679, 1537834243.6132753, 1537834243.6134534, 1537834243.6139019, 1537834243.614335, 1537834243.6153264, 1537834243.617472, 1537834243.6181414, 1537834243.618463, 1537834243.6194375, 1537834243.6201608, 1537834243.6207228, 1537834243.6210856, 1537834243.621274, 1537834243.6216905, 1537834243.6220121, 1537834243.6226146, 1537834243.6228466, 1537834243.6235962, 1537834243.6240287, 1537834243.624187, 1537834243.6243305, 1537834243.624832, 1537834243.6251512, 1537834243.625373, 1537834243.6257932, 1537834243.6266463, 1537834243.6271462, 1537834243.6273413, 1537834243.6279645, 1537834243.6282895, 1537834243.628468, 1537834243.6291263, 1537834243.6296773, 1537834243.6299977, 1537834243.631044, 1537834243.631798, 1537834243.6323414, 1537834243.6328492, 1537834243.6332898, 1537834243.6334503, 1537834243.6338027, 1537834243.6339927, 1537834243.6346462, 1537834243.6349785, 1537834243.6352239, 1537834243.6353765, 1537834243.6360955, 1537834243.6368296, 1537834243.6374414, 1537834243.637616, 1537834243.6380339, 1537834243.638282, 1537834243.6384313, 1537834243.638995, 1537834243.6391995, 1537834243.6401849, 1537834243.640622, 1537834243.640844, 1537834243.6419332, 1537834243.6422377, 1537834243.642531, 1537834243.6435544, 1537834243.6451097, 1537834243.6462107, 1537834243.6477535, 1537834243.6481817, 1537834243.648852, 1537834243.64986, 1537834243.6503432, 1537834243.650757, 1537834243.6516252, 1537834243.6525176, 1537834243.6529844, 1537834243.6534567, 1537834243.6538327, 1537834243.654368, 1537834243.6548777, 1537834243.6550577, 1537834243.6552792, 1537834243.6557672, 1537834243.6560469, 1537834243.6567073, 1537834243.657204, 1537834243.6575844, 1537834243.6578753, 1537834243.6582963, 1537834243.6585217, 1537834243.658882, 1537834243.6600115, 1537834243.660408, 1537834243.6607099, 1537834243.6614702, 1537834243.6620867, 1537834243.6623547, 1537834243.6625059, 1537834243.662712, 1537834243.6630116, 1537834243.6633234, 1537834243.6639557, 1537834243.6642246, 1537834243.6648395, 1537834243.6655097, 1537834243.6657224, 1537834243.6667428, 1537834243.6670227, 1537834243.6676583, 1537834243.6684167, 1537834243.6686935, 1537834243.668901, 1537834243.669174, 1537834243.6697226, 1537834243.6700191, 1537834243.6702955, 1537834243.6709363, 1537834243.6714492, 1537834243.6716511, 1537834243.6721678, 1537834243.6726735, 1537834243.6735044, 1537834243.674154, 1537834243.6745539, 1537834243.6749601, 1537834243.6751504, 1537834243.675358, 1537834243.6759665, 1537834243.6768622, 1537834243.6780534, 1537834243.678332, 1537834243.6786067, 1537834243.6787648, 1537834243.6791494, 1537834243.679496, 1537834243.6797433, 1537834243.6799893, 1537834243.6802847, 1537834243.6804092, 1537834243.6806073, 1537834243.6807966, 1537834243.681099, 1537834243.6814957, 1537834243.6817818, 1537834243.6819668, 1537834243.6826267, 1537834243.6833463, 1537834243.6838434, 1537834243.683998, 1537834243.6864843, 1537834243.686794, 1537834243.6886542, 1537834243.688986, 1537834243.6894367, 1537834243.6898751, 1537834243.6901636, 1537834243.6907997, 1537834243.6911347, 1537834243.6915343, 1537834243.6918497, 1537834243.692155, 1537834243.6923723, 1537834243.693148, 1537834243.6935744, 1537834243.693949, 1537834243.6944735, 1537834243.6948643, 1537834243.6952095, 1537834243.6957552, 1537834243.696497, 1537834243.6970825, 1537834243.698016, 1537834243.6985214, 1537834243.6988318, 1537834243.6990466, 1537834243.6998675, 1537834243.7007978, 1537834243.7010267, 1537834243.7012308, 1537834243.7015316, 